,date,alc,all,cerealandbake,dairy,fatsandoils,foodathome,foodaway,food,fruitsandveg,meatpoultryfisheggs,otherfood,sugarandsweets,quarter,year
0,1967-01-01,45.8,32.9,34.1,39.9,37.6,35.1,30.6,33.9,32.8,38.1,29.3,26.2,1,1967
1,1967-02-01,45.9,33.0,34.0,39.8,37.4,35.0,30.7,33.8,32.6,38.0,29.3,26.3,1,1967
2,1967-03-01,45.9,33.0,34.1,39.6,37.3,34.9,30.8,33.8,32.6,37.8,29.2,26.2,1,1967
3,1967-04-01,46.0,33.1,34.0,39.6,37.0,34.7,30.9,33.6,32.1,37.5,29.2,26.4,2,1967
4,1967-05-01,46.1,33.1,34.1,39.7,37.0,34.7,31.0,33.7,32.2,37.4,29.2,26.4,2,1967
5,1967-06-01,46.2,33.3,34.0,39.9,36.9,35.0,31.1,34.0,32.8,38.1,29.2,26.5,2,1967
6,1967-07-01,46.4,33.4,33.9,39.9,36.7,35.2,31.3,34.3,33.7,38.0,29.2,26.6,3,1967
7,1967-08-01,46.5,33.5,34.0,40.0,36.7,35.3,31.4,34.5,34.1,38.2,29.3,26.6,3,1967
8,1967-09-01,46.7,33.6,34.0,40.2,36.9,35.3,31.5,34.3,33.7,38.3,29.4,26.7,3,1967
9,1967-10-01,46.8,33.7,33.9,40.4,36.9,35.4,31.7,34.2,34.0,38.2,29.4,26.7,4,1967
10,1967-11-01,47.0,33.9,34.0,40.4,36.8,35.4,31.8,34.2,34.3,38.1,29.4,26.8,4,1967
11,1967-12-01,47.2,34.0,34.0,40.5,36.9,35.6,31.9,34.4,34.7,38.2,29.4,26.9,4,1967
12,1968-01-01,47.3,34.1,34.0,40.6,37.0,35.6,32.0,34.6,35.4,37.9,29.5,26.8,1,1968
13,1968-02-01,47.5,34.2,33.9,40.6,36.8,35.8,32.2,34.7,35.6,38.3,29.5,26.8,1,1968
14,1968-03-01,47.6,34.3,33.9,40.7,36.8,35.9,32.3,34.9,35.7,38.5,29.5,26.9,1,1968
15,1968-04-01,47.7,34.4,34.0,40.7,36.8,36.0,32.4,35.0,36.0,38.7,29.6,26.9,2,1968
16,1968-05-01,47.8,34.5,34.0,41.2,36.7,36.1,32.6,35.1,36.1,38.8,29.6,27.0,2,1968
17,1968-06-01,47.9,34.7,34.1,41.4,36.7,36.1,32.7,35.2,35.5,38.9,29.7,27.2,2,1968
18,1968-07-01,48.1,34.9,34.2,41.5,36.7,36.2,32.9,35.5,35.8,38.9,29.7,27.3,3,1968
19,1968-08-01,48.2,35.0,34.4,41.6,36.6,36.3,33.1,35.6,35.6,39.1,29.9,27.9,3,1968
20,1968-09-01,48.1,35.1,34.4,41.7,36.5,36.5,33.3,35.6,35.8,39.6,30.0,27.9,3,1968
21,1968-10-01,48.5,35.3,34.4,41.9,36.5,36.9,33.5,35.8,36.5,40.1,30.0,28.1,4,1968
22,1968-11-01,48.5,35.4,34.5,42.0,36.6,36.8,33.6,35.6,36.4,39.9,30.1,28.1,4,1968
23,1968-12-01,48.8,35.6,34.5,42.0,36.5,37.0,33.7,35.9,36.7,40.0,30.2,28.2,4,1968
24,1969-01-01,48.6,35.7,34.6,42.0,36.7,37.0,33.8,36.1,36.3,40.3,30.2,28.4,1,1969
25,1969-02-01,48.8,35.8,34.7,42.1,36.7,37.0,33.9,36.1,35.5,40.5,30.3,28.5,1,1969
26,1969-03-01,48.9,36.1,34.8,42.2,36.8,37.1,34.1,36.2,36.1,40.3,30.4,28.6,1,1969
27,1969-04-01,49.1,36.3,34.9,42.1,36.7,37.3,34.3,36.4,35.9,41.1,30.5,28.8,2,1969
28,1969-05-01,49.3,36.4,34.9,42.4,36.8,37.5,34.4,36.6,36.0,41.5,30.5,28.8,2,1969
29,1969-06-01,49.6,36.6,35.1,42.5,37.0,38.0,34.7,37.1,35.7,43.0,30.6,29.0,2,1969
30,1969-07-01,49.7,36.8,35.2,42.6,36.9,38.2,34.9,37.5,35.8,43.3,30.6,29.0,3,1969
31,1969-08-01,49.9,36.9,35.2,42.8,36.8,38.4,35.2,37.7,36.1,43.6,30.7,29.0,3,1969
32,1969-09-01,50.2,37.1,35.3,43.0,36.7,38.6,35.4,37.7,36.9,43.9,30.8,29.2,3,1969
33,1969-10-01,50.5,37.3,35.5,43.1,36.8,38.7,35.7,37.6,36.7,43.9,30.9,29.2,4,1969
34,1969-11-01,50.7,37.5,35.6,43.3,37.0,39.1,35.9,37.9,37.3,44.6,31.1,29.3,4,1969
35,1969-12-01,50.9,37.7,35.9,43.7,37.2,39.6,36.2,38.4,38.4,45.1,31.4,29.5,4,1969
36,1970-01-01,51.1,37.9,36.1,44.0,37.4,39.6,36.3,38.7,37.5,45.3,31.6,29.6,1,1970
37,1970-02-01,51.3,38.1,36.3,44.2,37.4,39.9,36.5,38.9,37.7,45.6,31.8,29.7,1,1970
38,1970-03-01,51.5,38.3,36.5,44.4,37.7,39.8,36.8,38.9,37.7,45.0,32.1,30.0,1,1970
39,1970-04-01,51.7,38.5,36.7,44.4,38.3,39.8,37.1,39.1,37.7,44.8,32.4,30.2,2,1970
40,1970-05-01,52.0,38.6,36.8,44.5,39.1,40.0,37.3,39.2,37.9,44.9,32.7,30.5,2,1970
41,1970-06-01,52.0,38.8,36.8,44.6,39.3,39.9,37.4,39.3,38.0,44.5,32.8,30.6,2,1970
42,1970-07-01,52.0,38.9,37.0,44.8,39.6,39.9,37.7,39.5,37.2,44.7,33.1,30.7,3,1970
43,1970-08-01,52.3,39.0,37.4,44.8,39.7,39.9,37.8,39.5,37.4,44.2,33.2,30.8,3,1970
44,1970-09-01,52.5,39.2,37.5,45.0,39.8,40.1,38.0,39.4,38.2,44.2,33.4,30.9,3,1970
45,1970-10-01,52.7,39.4,37.8,45.2,40.2,40.2,38.1,39.4,38.3,44.1,33.6,31.0,4,1970
46,1970-11-01,52.9,39.6,37.9,45.4,40.4,40.1,38.3,39.2,37.7,43.8,33.7,31.1,4,1970
47,1970-12-01,53.0,39.8,38.0,45.4,40.9,40.1,38.4,39.3,37.8,43.7,33.8,31.2,4,1970
48,1971-01-01,53.4,39.9,38.3,45.6,41.3,39.9,38.6,39.4,36.9,43.3,33.9,31.2,1,1971
49,1971-02-01,53.5,39.9,38.4,45.6,41.7,40.0,38.7,39.5,37.7,43.0,34.0,31.3,1,1971
50,1971-03-01,53.7,40.0,38.5,45.7,41.9,40.3,38.8,39.9,38.5,43.5,34.1,31.3,1,1971
51,1971-04-01,53.9,40.1,38.8,45.8,42.4,40.7,39.0,40.1,39.4,43.8,34.2,31.5,2,1971
52,1971-05-01,54.0,40.3,38.8,46.0,42.6,40.9,39.2,40.3,39.5,44.2,34.2,31.6,2,1971
53,1971-06-01,54.2,40.5,38.9,46.3,42.6,41.1,39.3,40.6,40.0,44.5,34.3,31.7,2,1971
54,1971-07-01,54.3,40.6,39.1,46.4,42.7,41.1,39.5,40.8,40.1,44.3,34.4,31.8,3,1971
55,1971-08-01,54.4,40.7,39.0,46.4,43.1,41.1,39.7,40.9,40.2,44.3,34.5,31.9,3,1971
56,1971-09-01,54.5,40.8,39.0,46.4,43.4,41.1,39.9,40.6,40.0,44.1,34.5,31.9,3,1971
57,1971-10-01,54.6,40.9,38.9,46.4,43.5,41.2,40.0,40.5,40.2,44.6,34.5,31.9,4,1971
58,1971-11-01,54.8,41.0,38.8,46.4,43.6,41.3,40.1,40.6,40.6,44.8,34.4,31.8,4,1971
59,1971-12-01,54.9,41.1,38.7,46.4,43.6,41.9,40.1,41.0,42.6,45.4,34.4,31.9,4,1971
60,1972-01-01,54.9,41.2,38.7,46.6,43.5,41.7,40.2,41.0,40.9,45.6,34.4,31.9,1,1972
61,1972-02-01,55.0,41.4,38.9,46.8,43.6,42.3,40.3,41.6,41.5,47.0,34.5,32.0,1,1972
62,1972-03-01,55.2,41.4,39.1,46.9,43.7,42.3,40.4,41.7,40.3,47.2,34.6,32.1,1,1972
63,1972-04-01,55.3,41.5,39.2,47.0,43.6,42.2,40.6,41.7,40.0,47.2,34.6,32.2,2,1972
64,1972-05-01,55.4,41.6,39.0,46.9,43.4,42.3,40.8,41.7,40.4,47.3,34.6,32.2,2,1972
65,1972-06-01,55.3,41.7,39.0,46.8,43.1,42.4,40.9,41.9,40.7,47.6,34.4,32.0,2,1972
66,1972-07-01,55.5,41.8,38.9,46.7,42.9,42.6,41.0,42.3,41.0,48.4,34.4,31.9,3,1972
67,1972-08-01,55.6,41.9,38.9,46.6,42.8,42.7,41.2,42.5,41.7,48.2,34.5,32.0,3,1972
68,1972-09-01,55.7,42.1,39.0,46.8,42.9,43.1,41.4,42.5,43.1,48.5,34.6,32.0,3,1972
69,1972-10-01,55.7,42.2,39.0,46.8,42.9,43.4,41.5,42.6,43.4,49.2,34.7,32.1,4,1972
70,1972-11-01,55.8,42.4,39.2,47.1,42.8,43.7,41.7,42.7,43.6,49.7,34.8,32.1,4,1972
71,1972-12-01,55.9,42.5,39.4,47.3,42.7,43.9,41.8,42.9,43.7,50.2,34.8,32.2,4,1972
72,1973-01-01,56.0,42.7,39.6,47.6,42.7,44.8,41.9,43.8,44.2,52.2,34.9,32.3,1,1973
73,1973-02-01,56.2,43.0,40.1,48.4,42.7,45.6,42.1,44.7,44.5,53.9,35.2,32.6,1,1973
74,1973-03-01,56.3,43.4,40.5,48.6,43.0,47.0,42.4,45.8,45.4,57.1,35.4,32.9,1,1973
75,1973-04-01,56.4,43.7,40.9,48.7,43.7,47.8,42.8,46.5,46.3,58.9,35.7,33.2,2,1973
76,1973-05-01,56.5,43.9,41.6,49.3,44.3,48.5,43.4,47.0,47.1,59.6,36.1,33.5,2,1973
77,1973-06-01,56.7,44.2,41.9,49.6,44.9,49.1,43.7,47.6,48.4,60.1,36.4,33.8,2,1973
78,1973-07-01,57.0,44.2,42.0,49.6,44.9,49.1,44.0,48.0,49.1,59.7,36.5,33.9,3,1973
79,1973-08-01,56.7,45.0,42.5,50.6,45.8,52.6,44.5,50.9,49.6,69.5,36.7,34.2,3,1973
80,1973-09-01,57.1,45.2,45.1,52.1,48.4,52.3,45.3,50.5,47.1,67.6,37.2,34.4,3,1973
81,1973-10-01,57.3,45.6,47.3,54.9,52.6,52.4,46.2,50.6,48.3,64.7,38.1,34.8,4,1973
82,1973-11-01,57.6,45.9,49.6,56.5,53.9,53.1,46.8,51.1,49.5,63.9,38.9,36.0,4,1973
83,1973-12-01,58.1,46.3,50.6,58.0,54.2,53.6,47.1,51.6,49.9,63.9,39.4,36.7,4,1973
84,1974-01-01,58.4,46.8,51.0,58.5,54.7,54.3,47.4,52.4,50.6,65.0,39.9,37.2,1,1974
85,1974-02-01,58.7,47.3,52.6,59.7,56.4,55.8,47.7,53.7,52.0,66.4,41.2,39.7,1,1974
86,1974-03-01,58.9,47.8,54.0,60.6,60.0,56.3,48.0,54.2,53.8,65.2,42.8,43.0,1,1974
87,1974-04-01,59.5,48.1,54.9,61.5,62.8,56.0,48.6,54.1,53.3,62.9,44.0,45.0,2,1974
88,1974-05-01,59.9,48.6,55.9,61.8,63.3,56.5,49.1,54.4,57.8,60.5,45.1,46.7,2,1974
89,1974-06-01,60.3,49.0,56.3,61.5,63.7,56.3,49.6,54.6,58.4,58.8,46.4,48.8,2,1974
90,1974-07-01,61.2,49.3,56.8,60.6,63.8,55.9,50.1,54.7,57.2,57.6,47.8,51.7,3,1974
91,1974-08-01,62.2,49.9,57.3,60.3,66.5,56.7,50.6,55.5,54.8,60.2,49.6,54.0,3,1974
92,1974-09-01,62.9,50.6,58.0,60.4,73.5,58.1,51.0,56.2,55.9,62.0,51.5,56.3,3,1974
93,1974-10-01,63.4,51.0,59.5,60.7,75.4,58.8,51.5,56.6,56.4,62.1,53.0,60.1,4,1974
94,1974-11-01,63.9,51.5,60.5,61.1,77.8,59.5,51.9,57.2,56.7,62.6,54.8,65.0,4,1974
95,1974-12-01,64.2,51.9,61.9,62.1,78.7,60.2,52.4,57.8,55.5,62.7,57.1,74.0,4,1974
96,1975-01-01,64.8,52.3,63.1,62.1,79.5,60.4,52.8,58.2,55.4,62.3,57.8,74.5,1,1975
97,1975-02-01,65.3,52.6,63.8,62.2,79.5,60.4,53.3,58.5,55.6,62.0,57.7,72.7,1,1975
98,1975-03-01,65.5,52.8,64.4,62.1,78.9,60.3,53.5,58.4,55.2,61.6,57.4,71.5,1,1975
99,1975-04-01,65.5,53.0,64.3,61.9,77.6,60.1,53.8,58.3,54.6,62.1,56.4,67.8,2,1975
100,1975-05-01,65.6,53.1,63.7,61.4,75.1,60.3,54.0,58.6,55.0,64.0,55.1,65.3,2,1975
101,1975-06-01,65.7,53.5,63.1,61.3,72.5,61.1,54.1,59.4,56.6,66.4,54.1,62.8,2,1975
102,1975-07-01,65.8,54.0,62.8,61.3,70.9,62.5,54.4,60.9,60.2,69.3,53.3,60.7,3,1975
103,1975-08-01,66.3,54.2,62.2,61.7,70.1,62.3,54.8,60.7,58.1,69.8,53.8,62.6,3,1975
104,1975-09-01,66.2,54.6,61.8,62.5,70.2,62.7,55.2,60.6,58.0,70.7,54.3,63.2,3,1975
105,1975-10-01,66.4,54.9,61.8,63.7,69.9,63.3,55.6,61.0,57.4,72.0,54.7,62.3,4,1975
106,1975-11-01,66.6,55.3,61.9,65.1,69.2,63.7,56.0,61.3,58.1,72.0,54.9,60.5,4,1975
107,1975-12-01,66.8,55.6,62.0,66.2,68.8,64.1,56.3,61.6,59.4,71.8,55.1,59.9,4,1975
108,1976-01-01,66.9,55.8,62.0,67.3,67.5,63.7,56.5,61.6,58.6,70.8,55.1,59.5,1,1976
109,1976-02-01,67.0,55.9,61.7,67.4,65.6,63.0,56.8,61.3,57.7,69.1,54.8,59.4,1,1976
110,1976-03-01,67.3,56.0,61.5,67.1,64.8,62.4,57.1,60.9,57.3,68.0,54.6,59.0,1,1976
111,1976-04-01,67.5,56.1,61.3,67.1,63.5,62.4,57.4,61.1,58.4,67.2,54.8,58.6,2,1976
112,1976-05-01,67.7,56.4,61.6,66.9,63.1,62.6,57.8,61.3,57.5,68.2,55.1,58.2,2,1976
113,1976-06-01,67.9,56.7,61.7,67.1,63.1,62.7,58.0,61.7,56.6,68.5,55.5,58.2,2,1976
114,1976-07-01,68.3,57.0,61.6,67.2,62.8,62.9,58.4,62.1,56.8,68.7,56.1,57.8,3,1976
115,1976-08-01,68.5,57.3,61.4,67.6,62.6,63.1,58.7,62.2,58.2,68.1,56.9,57.8,3,1976
116,1976-09-01,68.5,57.6,61.4,68.4,63.3,63.4,59.0,61.9,58.8,67.9,57.3,57.0,3,1976
117,1976-10-01,68.8,57.9,61.3,69.1,64.5,63.7,59.2,61.9,60.5,67.1,58.0,56.6,4,1976
118,1976-11-01,68.9,58.1,61.2,68.7,65.0,63.5,59.4,61.7,60.2,66.3,59.0,56.3,4,1976
119,1976-12-01,69.2,58.4,61.0,68.5,65.6,63.5,59.7,61.9,60.2,66.0,60.0,56.0,4,1976
120,1977-01-01,69.2,58.7,61.2,68.5,66.2,63.8,60.1,62.5,59.9,66.2,60.9,56.4,1,1977
121,1977-02-01,69.0,59.3,61.3,68.4,66.4,65.3,60.5,64.0,64.8,67.1,62.6,58.1,1,1977
122,1977-03-01,69.1,59.6,61.7,68.5,66.9,65.7,61.0,64.3,65.1,66.8,64.1,59.1,1,1977
123,1977-04-01,69.2,60.0,62.2,68.5,67.9,66.5,61.7,65.1,66.4,66.6,66.7,60.1,2,1977
124,1977-05-01,69.4,60.2,62.1,69.2,69.8,66.6,62.3,65.3,63.7,66.7,69.2,61.0,2,1977
125,1977-06-01,69.7,60.5,62.2,69.7,72.1,67.1,62.7,66.0,63.4,66.9,70.8,61.7,2,1977
126,1977-07-01,70.2,60.8,62.4,69.6,73.5,67.2,63.0,66.3,62.6,67.7,70.8,61.5,3,1977
127,1977-08-01,70.1,61.1,62.2,70.0,74.4,67.4,63.4,66.5,62.7,68.0,70.9,61.7,3,1977
128,1977-09-01,70.5,61.3,62.9,70.1,74.0,67.6,63.7,66.3,62.6,68.2,71.0,61.9,3,1977
129,1977-10-01,70.7,61.6,63.2,70.5,73.2,67.7,63.9,66.3,63.0,68.0,71.0,62.2,4,1977
130,1977-11-01,71.2,62.0,63.7,70.6,73.0,68.4,64.2,66.7,65.0,68.7,71.0,62.7,4,1977
131,1977-12-01,71.3,62.3,64.3,70.7,72.6,68.5,64.4,66.9,66.0,68.3,71.1,63.6,4,1977
132,1978-01-01,71.7,62.7,65.1,71.1,73.3,69.2,65.1,67.9,66.1,69.6,71.4,65.0,1,1978
133,1978-02-01,72.1,63.0,65.7,71.5,73.6,70.0,65.8,68.8,66.3,71.3,71.8,65.8,1,1978
134,1978-03-01,72.5,63.4,66.2,71.7,74.2,71.0,66.3,69.6,67.5,73.0,72.4,66.8,1,1978
135,1978-04-01,73.0,63.9,66.5,72.6,75.7,72.4,66.9,70.7,69.3,75.5,72.9,67.6,2,1978
136,1978-05-01,73.5,64.5,67.2,73.4,76.9,73.7,67.4,71.7,72.0,77.4,73.3,68.0,2,1978
137,1978-06-01,73.8,65.0,68.0,73.9,78.0,74.9,68.1,72.9,72.3,80.2,73.8,68.7,2,1978
138,1978-07-01,74.2,65.5,68.5,74.1,79.0,75.1,68.7,73.3,73.1,79.7,74.2,69.1,3,1978
139,1978-08-01,74.7,65.9,69.1,74.4,79.4,75.1,69.3,73.4,72.4,79.8,74.2,69.5,3,1978
140,1978-09-01,75.2,66.5,69.4,75.5,79.7,75.4,69.8,73.5,73.4,79.6,74.3,69.4,3,1978
141,1978-10-01,75.7,67.1,69.8,76.4,80.0,76.0,70.2,73.9,73.6,80.5,74.4,69.6,4,1978
142,1978-11-01,76.1,67.5,70.3,77.3,80.3,76.5,70.6,74.2,72.6,81.6,75.0,70.0,4,1978
143,1978-12-01,76.7,67.9,70.8,78.5,80.5,76.9,71.1,74.8,71.9,82.1,75.5,70.3,4,1978
144,1979-01-01,77.2,68.5,71.5,79.3,80.7,78.5,71.9,76.3,74.8,84.7,76.0,71.1,1,1979
145,1979-02-01,77.8,69.2,72.2,80.2,81.1,80.0,72.9,77.8,75.5,87.9,76.4,71.7,1,1979
146,1979-03-01,78.2,69.9,72.7,80.6,81.2,80.6,73.8,78.5,74.9,89.6,76.6,72.2,1,1979
147,1979-04-01,78.6,70.6,73.0,80.9,82.3,81.1,74.5,79.2,74.0,91.1,77.1,72.7,2,1979
148,1979-05-01,79.2,71.4,73.6,81.5,83.4,81.8,75.3,79.9,74.0,92.1,77.8,73.3,2,1979
149,1979-06-01,79.6,72.2,74.1,82.2,83.7,82.0,75.8,80.2,75.8,91.0,78.1,73.6,2,1979
150,1979-07-01,80.0,73.0,74.9,82.5,84.2,82.3,76.5,80.7,77.2,90.2,79.0,74.1,3,1979
151,1979-08-01,80.3,73.7,76.2,83.4,84.7,81.9,77.0,80.5,77.7,87.2,79.9,74.5,3,1979
152,1979-09-01,80.8,74.4,76.8,84.5,85.7,82.5,77.4,80.8,78.0,87.3,80.8,74.8,3,1979
153,1979-10-01,81.7,75.2,77.3,85.3,85.8,83.0,78.0,81.2,78.7,87.7,81.2,75.1,4,1979
154,1979-11-01,82.5,76.0,77.9,86.4,86.0,83.5,78.5,81.5,79.3,87.9,81.9,75.1,4,1979
155,1979-12-01,83.0,76.9,78.8,86.7,86.2,84.3,79.2,82.4,79.3,89.2,82.5,75.5,4,1979
156,1980-01-01,83.4,78.0,79.7,87.3,86.6,84.8,80.0,83.1,77.7,90.5,82.9,76.9,1,1980
157,1980-02-01,83.7,79.0,80.6,87.8,87.3,84.7,80.7,83.5,76.5,89.4,84.0,78.9,1,1980
158,1980-03-01,84.1,80.1,81.2,88.1,87.6,85.4,81.5,84.3,77.0,90.0,85.2,83.2,1,1980
159,1980-04-01,85.0,80.9,82.4,88.9,88.2,85.9,82.2,84.9,79.1,88.9,86.1,84.7,2,1980
160,1980-05-01,85.6,81.7,83.2,90.5,88.6,86.4,82.7,85.3,80.9,87.9,87.1,86.7,2,1980
161,1980-06-01,86.2,82.5,83.7,90.9,88.8,86.8,83.3,85.9,81.1,87.7,88.3,90.7,2,1980
162,1980-07-01,86.7,82.6,84.4,91.4,88.6,87.9,83.7,86.8,82.1,89.5,89.2,93.7,3,1980
163,1980-08-01,87.4,83.2,84.8,91.9,89.6,89.8,84.2,88.2,84.3,93.0,90.1,94.2,3,1980
164,1980-09-01,87.9,83.9,85.2,92.2,90.1,91.0,84.8,89.0,86.1,95.2,90.6,95.8,3,1980
165,1980-10-01,88.4,84.7,86.4,93.1,91.0,91.7,85.4,89.4,86.3,96.2,91.1,97.9,4,1980
166,1980-11-01,88.7,85.6,87.1,94.1,91.6,92.8,86.0,90.1,87.4,97.3,92.3,101.1,4,1980
167,1980-12-01,89.3,86.4,88.0,95.2,93.2,93.3,86.8,90.8,87.7,97.3,93.1,102.5,4,1980
168,1981-01-01,90.1,87.2,89.5,96.0,96.4,93.4,87.8,91.5,86.9,96.4,93.7,102.2,1,1981
169,1981-02-01,90.8,88.0,90.3,96.8,98.9,93.6,89.0,92.3,88.3,95.3,94.2,102.2,1,1981
170,1981-03-01,91.2,88.6,90.8,97.0,99.5,94.1,89.4,92.8,92.5,94.6,94.4,101.6,1,1981
171,1981-04-01,91.5,89.1,91.3,97.4,100.0,94.1,90.1,93.0,92.7,93.9,94.7,99.7,2,1981
172,1981-05-01,92.0,89.7,91.9,97.5,100.2,93.9,90.4,92.9,90.9,94.1,94.5,97.4,2,1981
173,1981-06-01,92.4,90.5,92.4,97.5,99.8,94.3,90.8,93.2,90.8,94.8,94.6,95.8,2,1981
174,1981-07-01,92.9,91.5,92.7,97.7,99.5,95.1,91.4,94.1,92.3,96.3,94.8,95.5,3,1981
175,1981-08-01,93.3,92.2,92.8,97.5,99.6,95.6,91.8,94.5,93.4,97.1,95.2,95.8,3,1981
176,1981-09-01,93.9,93.1,93.4,97.7,99.4,96.0,92.1,94.7,94.0,97.4,95.4,95.9,3,1981
177,1981-10-01,93.5,93.4,93.6,97.8,99.4,96.0,92.6,94.6,93.4,97.6,95.6,95.5,4,1981
178,1981-11-01,94.1,93.8,94.1,98.0,97.0,96.0,92.9,94.4,94.1,96.9,95.7,95.3,4,1981
179,1981-12-01,94.4,94.1,94.5,98.2,96.6,96.2,93.0,94.7,95.4,96.3,95.7,95.3,4,1981
180,1982-01-01,94.8,94.4,95.3,98.3,96.8,96.4,93.7,95.8,98.1,95.4,96.1,95.9,1,1982
181,1982-02-01,95.2,94.7,95.6,98.6,96.4,97.4,94.1,96.6,100.3,96.8,96.4,96.6,1,1982
182,1982-03-01,95.6,94.7,95.8,98.6,96.1,97.0,94.5,96.4,96.6,97.1,96.7,96.9,1,1982
183,1982-04-01,95.9,95.0,95.9,99.0,96.4,97.1,94.9,96.8,96.1,97.6,96.5,96.9,2,1982
184,1982-05-01,96.2,95.9,96.4,98.8,96.4,98.1,95.3,97.3,97.2,99.5,97.1,97.0,2,1982
185,1982-06-01,96.4,97.0,96.6,98.5,96.5,99.3,95.6,98.1,100.3,101.6,97.2,97.3,2,1982
186,1982-07-01,96.9,97.5,96.8,99.0,96.0,99.2,96.1,98.3,97.8,102.1,97.4,98.0,3,1982
187,1982-08-01,97.4,97.7,97.0,99.0,95.6,98.6,96.5,97.9,95.6,101.1,97.6,98.2,3,1982
188,1982-09-01,97.5,97.7,96.9,98.8,95.6,98.7,96.8,98.0,95.0,101.6,97.8,98.5,3,1982
189,1982-10-01,97.6,98.1,97.0,98.8,95.6,98.6,97.1,97.8,95.4,101.0,98.0,98.3,4,1982
190,1982-11-01,98.1,98.0,97.2,98.9,95.7,98.5,97.3,97.6,95.7,100.2,98.1,98.2,4,1982
191,1982-12-01,98.3,97.7,97.5,99.1,95.7,98.2,97.7,97.6,95.8,99.1,98.2,97.9,4,1982
192,1983-01-01,98.1,97.9,98.0,99.8,96.0,97.9,98.3,98.2,92.3,99.0,98.5,98.5,1,1983
193,1983-02-01,98.9,98.0,98.3,99.9,95.5,98.0,98.5,98.5,91.5,99.5,98.5,98.3,1,1983
194,1983-03-01,99.7,98.1,98.7,99.8,95.6,98.7,98.9,99.0,94.8,99.8,98.8,98.9,1,1983
195,1983-04-01,100.2,98.8,99.1,100.0,95.7,99.0,99.4,99.5,96.4,99.7,98.8,99.0,2,1983
196,1983-05-01,100.4,99.2,99.3,100.1,95.6,99.4,99.6,99.7,97.2,100.3,99.0,99.0,2,1983
197,1983-06-01,100.6,99.4,99.5,99.9,95.6,99.4,99.8,99.5,98.1,99.9,99.0,99.3,2,1983
198,1983-07-01,100.7,99.8,100.0,99.9,95.8,99.3,99.9,99.5,97.8,99.2,99.3,99.8,3,1983
199,1983-08-01,100.7,100.1,100.1,100.1,95.5,99.2,100.3,99.6,98.4,98.6,99.4,99.7,3,1983
200,1983-09-01,101.3,100.4,100.0,100.1,98.0,99.6,100.7,99.7,99.9,98.5,99.9,99.8,3,1983
201,1983-10-01,101.5,100.8,100.1,100.0,100.3,99.7,101.2,99.8,101.1,98.1,100.3,99.6,4,1983
202,1983-11-01,101.3,101.1,100.7,100.1,101.9,99.6,101.5,99.7,100.0,97.7,100.8,99.7,4,1983
203,1983-12-01,101.1,101.4,101.1,99.9,103.0,100.0,101.7,100.2,100.6,98.0,101.1,100.2,4,1983
204,1984-01-01,101.5,102.1,102.1,100.3,103.5,101.7,102.3,102.0,103.6,101.4,101.3,100.8,1,1984
205,1984-02-01,101.9,102.6,102.2,100.3,104.0,102.5,102.7,103.0,104.9,103.2,101.4,101.1,1,1984
206,1984-03-01,102.3,102.9,102.6,100.3,103.9,102.7,103.1,103.0,107.2,102.1,101.8,102.1,1,1984
207,1984-04-01,102.6,103.3,103.1,100.6,104.5,102.5,103.4,103.0,103.2,102.9,102.2,102.8,2,1984
208,1984-05-01,102.7,103.5,103.3,100.4,104.7,102.0,103.9,102.7,101.4,102.1,102.3,103.4,2,1984
209,1984-06-01,103.1,103.7,103.8,100.7,105.6,102.5,104.1,102.9,104.6,101.0,103.0,103.8,2,1984
210,1984-07-01,103.2,104.1,104.4,100.9,107.8,102.6,104.5,103.3,105.0,100.6,103.5,103.9,3,1984
211,1984-08-01,103.3,104.4,104.8,101.1,109.3,103.3,104.9,103.9,107.9,100.8,103.8,104.1,3,1984
212,1984-09-01,103.4,104.7,104.8,101.9,109.2,103.1,104.9,103.7,107.3,100.0,104.1,104.4,3,1984
213,1984-10-01,103.9,105.1,105.1,102.4,109.1,103.3,105.2,103.7,107.9,99.7,104.2,104.3,4,1984
214,1984-11-01,103.8,105.3,105.2,102.9,108.4,103.4,105.5,103.6,108.5,99.4,104.2,103.7,4,1984
215,1984-12-01,103.8,105.5,105.8,103.3,108.7,103.7,106.0,104.0,106.9,100.7,104.3,103.9,4,1984
216,1985-01-01,104.0,105.7,106.4,103.5,109.5,103.8,106.2,104.7,106.9,100.6,104.6,104.6,1,1985
217,1985-02-01,104.7,106.3,106.8,103.7,109.2,104.3,106.7,105.5,108.9,100.8,104.7,104.7,1,1985
218,1985-03-01,105.0,106.8,107.0,103.5,109.1,104.6,107.1,105.5,110.4,100.8,104.9,104.7,1,1985
219,1985-04-01,105.1,107.0,107.2,103.3,108.8,104.2,107.5,105.5,109.0,100.3,105.1,105.1,2,1985
220,1985-05-01,105.6,107.2,107.5,103.3,108.8,103.8,107.9,105.3,107.2,99.3,105.4,105.5,2,1985
221,1985-06-01,105.6,107.5,108.0,103.1,109.5,104.0,108.4,105.4,108.4,99.3,105.5,105.6,2,1985
222,1985-07-01,105.6,107.7,108.0,103.1,110.2,104.0,108.5,105.5,108.3,99.0,105.7,106.2,3,1985
223,1985-08-01,106.1,107.9,108.4,102.9,109.9,103.8,108.9,105.5,107.7,98.5,106.0,106.6,3,1985
224,1985-09-01,106.3,108.1,108.7,103.2,109.1,104.0,109.4,105.6,107.6,98.5,106.3,106.4,3,1985
225,1985-10-01,109.6,108.5,108.6,102.8,107.8,103.9,109.5,105.6,107.3,98.8,106.2,106.8,4,1985
226,1985-11-01,109.5,109.0,108.9,102.8,108.1,104.8,109.8,106.0,107.9,101.0,106.3,106.5,4,1985
227,1985-12-01,109.5,109.5,109.6,102.7,107.4,105.9,110.0,106.7,111.8,102.2,106.4,106.7,4,1985
228,1986-01-01,110.1,109.9,109.6,102.9,108.1,105.9,110.4,107.6,110.4,102.5,106.9,107.5,1,1986
229,1986-02-01,110.5,109.7,109.8,102.9,107.8,105.6,110.7,107.5,105.3,102.0,109.2,108.4,1,1986
230,1986-03-01,110.7,109.1,109.9,102.7,107.4,105.7,111.1,107.5,105.9,101.9,109.4,108.3,1,1986
231,1986-04-01,111.0,108.7,109.8,102.7,106.8,105.8,111.6,107.7,107.8,101.1,109.5,109.1,2,1986
232,1986-05-01,111.0,109.0,110.2,102.8,106.3,106.2,112.1,108.0,110.1,101.2,109.3,109.1,2,1986
233,1986-06-01,111.3,109.4,111.0,102.9,106.2,106.1,112.6,108.1,108.4,101.3,109.4,109.1,2,1986
234,1986-07-01,111.5,109.5,111.1,103.3,106.3,107.2,112.8,109.1,109.3,104.2,109.5,109.4,3,1986
235,1986-08-01,111.3,109.6,111.7,103.3,106.5,108.5,113.1,110.0,111.1,106.8,109.6,109.6,3,1986
236,1986-09-01,111.5,110.0,111.8,103.4,105.7,108.4,113.5,110.1,111.0,106.7,109.6,109.7,3,1986
237,1986-10-01,111.5,110.2,111.8,104.0,105.3,108.8,113.8,110.3,111.6,107.3,109.6,109.7,4,1986
238,1986-11-01,111.5,110.4,111.8,104.5,105.6,109.4,114.3,110.6,112.6,108.3,109.7,109.4,4,1986
239,1986-12-01,111.7,110.8,112.2,104.9,105.9,109.7,114.7,110.8,112.4,109.0,109.7,109.2,4,1986
240,1987-01-01,112.8,111.4,112.9,105.3,108.5,110.2,115.2,112.1,112.9,109.2,110.8,110.3,1,1987
241,1987-02-01,112.8,111.8,113.3,105.9,107.4,110.6,115.5,112.5,115.3,108.8,110.8,110.3,1,1987
242,1987-03-01,112.8,112.2,113.4,105.4,109.0,110.7,115.9,112.5,116.7,108.8,110.4,110.7,1,1987
243,1987-04-01,113.1,112.7,114.3,105.3,108.0,110.9,116.1,112.8,117.3,109.2,110.2,110.7,2,1987
244,1987-05-01,113.5,113.0,114.6,105.7,108.5,111.7,116.4,113.3,118.8,110.5,110.3,110.8,2,1987
245,1987-06-01,113.8,113.5,114.7,105.5,107.8,112.5,116.8,113.8,122.4,111.2,110.2,111.2,2,1987
246,1987-07-01,114.1,113.8,115.2,105.3,108.4,112.1,117.2,113.7,119.1,111.3,110.3,111.1,3,1987
247,1987-08-01,114.5,114.3,115.3,105.7,108.3,112.3,117.5,113.8,118.8,111.6,110.6,111.3,3,1987
248,1987-09-01,114.8,114.7,115.4,106.4,107.8,112.6,118.0,114.1,119.8,112.0,110.5,111.6,3,1987
249,1987-10-01,115.2,115.0,115.6,106.9,107.4,112.8,118.3,114.3,120.7,111.6,110.7,111.6,4,1987
250,1987-11-01,115.7,115.4,116.2,106.9,108.0,112.7,118.6,114.2,121.0,111.0,110.6,111.4,4,1987
251,1987-12-01,115.9,115.6,116.8,106.7,107.7,113.4,118.9,114.7,126.5,110.2,110.8,111.0,4,1987
252,1988-01-01,116.2,116.0,118.1,107.4,108.5,113.9,119.3,115.7,126.9,110.3,111.2,112.2,1,1988
253,1988-02-01,116.8,116.2,118.7,107.3,109.5,113.7,119.7,115.7,124.4,110.8,111.2,112.2,1,1988
254,1988-03-01,117.3,116.5,118.9,107.2,110.3,113.7,120.2,115.9,122.8,111.2,111.6,112.6,1,1988
255,1988-04-01,117.8,117.2,119.8,107.1,110.3,114.4,120.7,116.6,124.5,112.1,111.7,112.3,2,1988
256,1988-05-01,117.9,117.5,120.3,107.4,111.2,114.9,121.0,117.0,124.6,113.0,112.0,112.5,2,1988
257,1988-06-01,118.5,118.0,120.8,107.2,111.5,115.7,121.5,117.6,124.6,115.2,112.4,113.3,2,1988
258,1988-07-01,118.9,118.5,122.1,107.6,112.6,117.3,122.1,118.8,128.9,116.5,113.3,114.0,3,1988
259,1988-08-01,119.2,119.0,124.0,108.2,114.9,118.1,122.5,119.4,130.0,117.0,113.7,114.8,3,1988
260,1988-09-01,119.5,119.5,124.7,108.9,115.9,118.9,123.0,120.2,132.9,116.8,114.3,115.6,3,1988
261,1988-10-01,119.8,119.9,125.6,109.9,117.1,119.1,123.4,120.3,132.4,116.5,114.8,116.0,4,1988
262,1988-11-01,120.2,120.3,125.9,110.6,117.1,119.2,123.7,120.2,132.2,116.2,115.3,115.9,4,1988
263,1988-12-01,120.5,120.7,126.6,111.4,118.5,119.8,124.1,120.7,133.9,116.0,116.0,116.7,4,1988
264,1989-01-01,120.7,121.2,127.9,112.6,119.6,120.3,124.7,122.2,131.9,117.9,116.3,117.2,1,1989
265,1989-02-01,121.2,121.6,128.9,113.4,120.5,121.3,125.2,122.9,134.5,118.4,117.1,117.8,1,1989
266,1989-03-01,121.7,122.2,129.7,113.8,120.4,122.3,125.7,123.5,134.3,120.4,117.6,118.0,1,1989
267,1989-04-01,122.1,123.1,130.4,114.1,121.6,123.1,126.2,124.2,135.2,120.9,118.6,117.9,2,1989
268,1989-05-01,122.9,123.7,131.5,113.8,121.6,124.1,126.7,124.9,139.2,121.6,118.7,118.1,2,1989
269,1989-06-01,123.3,124.1,132.1,113.6,121.6,124.5,127.1,125.0,139.2,122.1,119.3,119.2,2,1989
270,1989-07-01,123.7,124.5,133.3,114.1,121.6,124.9,127.8,125.5,140.0,121.7,119.9,120.1,3,1989
271,1989-08-01,124.3,124.5,134.1,114.5,121.7,125.2,128.1,125.8,141.1,121.9,119.8,120.6,3,1989
272,1989-09-01,124.7,124.8,134.6,116.1,121.3,125.4,128.8,126.1,139.5,122.5,119.9,120.8,3,1989
273,1989-10-01,125.2,125.4,135.0,118.2,121.6,126.0,129.1,126.5,141.2,122.2,120.3,121.3,4,1989
274,1989-11-01,125.8,125.9,135.3,120.2,121.0,126.6,129.5,126.9,141.7,122.6,120.5,120.7,4,1989
275,1989-12-01,126.2,126.3,136.1,122.9,121.6,127.1,129.8,127.4,139.4,123.8,120.9,121.1,4,1989
276,1990-01-01,126.7,127.5,136.9,125.8,123.5,129.8,130.3,130.4,149.0,126.1,121.0,122.5,1,1990
277,1990-02-01,127.0,128.0,137.4,126.9,123.4,131.3,131.0,131.3,154.2,127.0,121.3,122.9,1,1990
278,1990-03-01,127.6,128.6,137.6,126.8,124.2,131.1,131.8,131.5,151.5,127.4,121.7,123.0,1,1990
279,1990-04-01,127.9,128.9,138.9,125.2,124.3,130.5,132.5,131.3,145.6,128.1,121.9,123.6,2,1990
280,1990-05-01,128.6,129.1,139.3,124.7,125.0,130.6,133.0,131.3,144.7,128.2,122.5,124.4,2,1990
281,1990-06-01,129.1,129.9,140.1,124.9,125.5,131.9,133.4,132.0,146.9,130.2,123.2,124.5,2,1990
282,1990-07-01,129.6,130.5,140.5,125.7,126.6,132.8,133.9,132.7,149.9,130.3,123.8,124.9,3,1990
283,1990-08-01,130.0,131.6,141.4,127.3,127.4,133.2,134.3,132.9,149.0,130.9,124.3,125.6,3,1990
284,1990-09-01,130.7,132.5,141.6,127.6,128.2,133.6,134.6,133.2,148.8,131.8,124.8,125.8,3,1990
285,1990-10-01,131.0,133.4,141.9,128.6,128.1,134.2,135.0,133.6,149.1,132.7,125.2,126.6,4,1990
286,1990-11-01,131.2,133.7,141.7,128.1,128.8,134.6,135.4,134.0,150.3,133.2,125.6,126.1,4,1990
287,1990-12-01,131.5,134.2,142.4,126.7,131.0,134.4,135.7,134.2,148.3,133.9,126.0,126.4,4,1990
288,1991-01-01,137.8,134.7,144.3,125.2,132.4,135.0,135.8,135.8,151.7,133.7,126.7,127.3,1,1991
289,1991-02-01,141.7,134.8,144.3,125.2,133.1,135.0,136.2,135.5,151.9,133.4,126.8,127.1,1,1991
290,1991-03-01,141.9,134.8,144.3,124.9,132.5,135.2,136.5,135.8,153.2,133.3,126.7,128.3,1,1991
291,1991-04-01,142.2,135.1,145.2,124.5,133.0,136.2,137.1,136.7,158.4,132.8,127.4,128.2,2,1991
292,1991-05-01,142.4,135.6,145.3,124.4,132.6,136.7,137.5,136.8,160.4,133.1,127.1,129.2,2,1991
293,1991-06-01,142.8,136.0,145.7,123.9,131.6,137.7,137.9,137.2,167.5,132.7,127.2,129.5,2,1991
294,1991-07-01,143.2,136.2,145.8,124.0,131.6,136.3,138.4,136.5,158.7,132.7,127.3,129.9,3,1991
295,1991-08-01,143.7,136.6,146.5,124.5,132.1,135.3,138.7,136.0,152.6,132.6,127.4,130.3,3,1991
296,1991-09-01,144.3,137.0,146.5,125.3,131.1,135.4,138.9,136.0,153.5,132.0,127.5,129.6,3,1991
297,1991-10-01,144.5,137.2,146.9,125.7,131.7,135.0,139.1,135.8,150.7,131.8,127.7,130.5,4,1991
298,1991-11-01,144.4,137.8,147.5,126.2,129.8,135.8,139.3,136.2,154.7,131.3,127.6,130.6,4,1991
299,1991-12-01,144.6,138.2,147.4,127.4,129.3,136.0,139.6,136.7,154.5,131.8,127.8,130.9,4,1991
300,1992-01-01,145.2,138.3,148.9,128.2,130.7,135.2,139.7,137.2,149.6,130.5,128.3,132.0,1,1992
301,1992-02-01,145.7,138.6,149.3,128.1,131.3,136.0,139.9,137.5,154.3,130.3,128.4,132.4,1,1992
302,1992-03-01,146.4,139.1,149.7,127.8,129.8,136.6,140.1,138.1,158.0,130.0,128.6,132.9,1,1992
303,1992-04-01,146.7,139.4,150.6,127.4,129.6,136.4,140.2,138.1,156.9,130.1,128.5,133.0,2,1992
304,1992-05-01,147.1,139.7,150.7,127.0,130.4,135.9,140.4,137.4,153.1,130.4,128.6,132.9,2,1992
305,1992-06-01,147.3,140.1,151.6,127.8,130.2,136.3,140.7,137.4,153.3,130.5,129.2,133.3,2,1992
306,1992-07-01,147.5,140.5,152.4,128.3,129.9,136.1,140.8,137.2,151.1,130.5,128.9,133.8,3,1992
307,1992-08-01,147.6,140.8,153.1,129.2,129.5,137.4,141.0,138.0,157.3,130.8,129.1,133.8,3,1992
308,1992-09-01,148.0,141.1,152.6,129.7,129.9,138.2,141.2,138.5,159.5,131.7,129.2,133.7,3,1992
309,1992-10-01,148.2,141.7,152.8,130.1,129.9,138.1,141.3,138.3,158.4,131.7,129.1,133.7,4,1992
310,1992-11-01,148.6,142.1,152.7,129.4,128.5,137.7,141.5,138.3,156.7,131.7,128.9,133.0,4,1992
311,1992-12-01,148.7,142.3,153.3,129.1,128.4,137.7,141.6,138.7,155.8,132.0,129.1,132.1,4,1992
312,1993-01-01,149.0,142.8,153.4,129.5,130.2,138.1,142.0,139.8,156.2,133.0,129.1,133.1,1,1993
313,1993-02-01,149.1,143.1,154.9,128.8,130.7,138.6,142.2,139.9,157.8,133.1,129.6,133.3,1,1993
314,1993-03-01,149.0,143.3,154.6,128.8,130.2,138.5,142.4,140.1,155.0,134.0,129.7,132.8,1,1993
315,1993-04-01,149.2,143.8,155.4,128.0,130.2,139.0,142.7,140.6,156.2,135.5,129.8,133.2,2,1993
316,1993-05-01,149.2,144.2,156.3,128.0,129.4,140.5,142.9,141.1,163.1,135.5,130.2,133.4,2,1993
317,1993-06-01,149.4,144.3,156.7,129.8,130.1,139.7,143.2,140.4,156.2,135.8,130.3,133.1,2,1993
318,1993-07-01,149.5,144.5,157.2,130.2,130.4,139.6,143.4,140.3,153.6,136.0,130.8,133.2,3,1993
319,1993-08-01,149.8,144.8,157.5,130.5,130.1,140.3,143.6,140.8,157.6,136.1,130.6,133.7,3,1993
320,1993-09-01,150.0,145.0,157.7,129.6,130.0,140.6,143.8,141.1,159.8,136.0,130.5,133.3,3,1993
321,1993-10-01,150.2,145.6,158.1,129.5,130.0,141.4,144.0,141.6,162.2,136.7,131.3,134.1,4,1993
322,1993-11-01,150.4,146.0,157.9,129.5,129.2,141.8,144.2,141.9,162.5,137.1,131.6,133.7,4,1993
323,1993-12-01,150.9,146.3,158.9,130.2,129.4,142.5,144.3,142.7,165.8,136.8,131.8,133.3,4,1993
324,1994-01-01,151.3,146.3,160.3,131.6,131.3,142.7,144.5,143.7,164.2,137.2,132.0,134.9,1,1994
325,1994-02-01,151.0,146.7,161.3,131.8,131.5,142.3,144.6,142.9,160.9,137.3,132.0,135.6,1,1994
326,1994-03-01,151.0,147.1,160.4,131.8,132.6,142.1,144.8,143.2,160.4,137.2,132.2,135.3,1,1994
327,1994-04-01,151.1,147.2,162.5,131.8,133.2,142.3,145.1,143.4,158.8,137.6,132.7,135.9,2,1994
328,1994-05-01,151.2,147.5,162.3,132.0,133.4,142.8,145.3,143.5,161.7,137.6,132.5,135.5,2,1994
329,1994-06-01,151.5,147.9,163.4,132.2,133.5,143.4,145.5,143.5,163.7,137.7,132.9,134.9,2,1994
330,1994-07-01,151.6,148.4,163.9,131.8,135.1,144.6,145.6,144.2,166.8,137.4,135.8,135.2,3,1994
331,1994-08-01,151.5,149.0,164.7,131.8,134.1,145.3,145.9,144.8,166.3,137.2,138.9,135.1,3,1994
332,1994-09-01,151.6,149.3,164.8,131.3,134.2,145.4,146.2,145.0,165.7,137.4,139.5,135.4,3,1994
333,1994-10-01,151.7,149.4,164.6,131.5,135.0,145.3,146.4,145.0,165.9,136.7,139.5,135.6,4,1994
334,1994-11-01,152.3,149.8,163.7,131.7,134.3,145.5,146.8,145.3,167.5,136.5,139.8,134.5,4,1994
335,1994-12-01,152.2,150.1,164.2,131.6,134.2,147.3,147.1,146.8,178.4,136.1,139.7,134.5,4,1994
336,1995-01-01,152.2,150.5,164.6,132.7,136.4,147.0,147.4,147.5,174.4,136.6,140.1,135.5,1,1995
337,1995-02-01,152.2,150.9,165.8,132.1,136.8,147.7,147.6,147.4,176.8,137.4,140.1,135.8,1,1995
338,1995-03-01,152.8,151.2,165.3,132.2,136.8,147.1,148.1,147.4,172.1,137.9,140.3,136.4,1,1995
339,1995-04-01,153.2,151.8,166.9,132.1,137.2,148.7,148.3,148.4,180.7,137.8,140.5,136.7,2,1995
340,1995-05-01,153.6,152.1,166.6,132.8,137.1,148.7,148.6,148.3,179.9,137.9,140.6,137.3,2,1995
341,1995-06-01,153.8,152.4,167.5,132.2,136.4,148.7,148.8,147.9,180.3,137.8,140.6,137.3,2,1995
342,1995-07-01,153.9,152.6,168.2,132.9,138.0,148.8,149.1,148.1,179.0,138.2,140.9,138.1,3,1995
343,1995-08-01,154.8,152.9,168.8,132.8,137.5,148.8,149.4,148.4,176.8,138.8,141.2,138.7,3,1995
344,1995-09-01,154.7,153.1,168.4,132.3,137.4,149.5,149.6,148.9,179.7,139.5,141.1,138.4,3,1995
345,1995-10-01,155.0,153.5,169.0,133.2,138.3,149.9,150.0,149.4,178.9,140.6,141.2,139.2,4,1995
346,1995-11-01,155.4,153.7,169.0,133.7,137.8,149.8,150.2,149.4,176.8,141.0,141.2,138.4,4,1995
347,1995-12-01,155.2,153.9,169.5,135.0,137.5,150.3,150.4,149.9,176.6,141.5,141.5,138.5,4,1995
348,1996-01-01,155.8,154.7,171.5,136.3,139.7,150.9,150.6,151.0,176.2,142.3,141.6,141.4,1,1996
349,1996-02-01,156.5,155.0,172.1,137.2,139.7,151.3,150.9,150.8,178.6,142.3,141.5,141.6,1,1996
350,1996-03-01,157.1,155.5,172.0,136.7,140.1,152.2,151.2,151.6,182.5,142.6,142.1,142.3,1,1996
351,1996-04-01,157.6,156.1,173.3,137.0,139.9,152.9,151.6,152.3,186.1,142.2,142.3,142.2,2,1996
352,1996-05-01,158.0,156.4,173.6,137.6,140.0,152.5,152.0,152.0,182.6,142.1,142.7,143.5,2,1996
353,1996-06-01,158.4,156.7,174.2,139.8,140.8,153.9,152.3,152.6,185.6,143.8,142.9,143.7,2,1996
354,1996-07-01,158.7,157.0,174.8,142.0,140.5,154.4,152.8,153.2,185.2,144.4,143.0,144.6,3,1996
355,1996-08-01,159.1,157.2,175.0,144.6,140.9,155.0,153.1,153.7,184.5,145.3,143.1,144.6,3,1996
356,1996-09-01,159.6,157.7,174.7,146.7,141.5,155.9,153.5,154.6,184.5,146.8,143.6,145.4,3,1996
357,1996-10-01,160.2,158.2,175.1,149.3,141.6,156.9,154.2,155.4,186.1,147.6,144.0,145.7,4,1996
358,1996-11-01,160.4,158.7,175.4,149.3,140.8,157.6,154.7,155.9,187.8,148.4,144.1,144.2,4,1996
359,1996-12-01,160.8,159.1,175.7,148.6,140.7,157.7,155.0,156.3,186.1,149.4,144.5,144.7,4,1996
360,1997-01-01,161.2,159.4,176.5,147.8,142.3,156.9,155.3,156.5,182.0,149.1,144.6,146.9,1,1997
361,1997-02-01,161.6,159.7,176.7,146.2,142.7,157.7,155.6,156.5,188.4,148.7,145.0,147.2,1,1997
362,1997-03-01,161.8,159.8,176.7,146.1,142.4,157.6,156.0,156.6,188.6,148.0,145.1,146.3,1,1997
363,1997-04-01,162.1,159.9,176.9,145.7,142.4,157.3,156.2,156.6,185.2,148.3,146.4,147.9,2,1997
364,1997-05-01,162.5,159.9,176.9,145.4,142.0,157.5,156.3,156.6,184.7,148.7,146.9,147.9,2,1997
365,1997-06-01,162.6,160.2,178.2,144.1,141.6,157.7,156.6,156.6,185.5,148.5,147.8,148.1,2,1997
366,1997-07-01,163.1,160.4,178.3,143.3,141.4,157.9,157.1,157.0,185.6,148.7,148.6,149.2,3,1997
367,1997-08-01,163.4,160.8,178.6,143.4,141.4,158.6,157.4,157.6,189.5,148.7,148.5,147.8,3,1997
368,1997-09-01,163.6,161.2,178.1,143.5,142.0,158.8,157.8,157.9,189.4,148.7,149.0,148.5,3,1997
369,1997-10-01,163.8,161.5,178.4,145.7,141.7,159.0,158.2,158.2,189.3,148.4,149.1,148.2,4,1997
370,1997-11-01,163.9,161.7,178.0,147.0,140.4,159.3,158.6,158.5,190.7,148.6,148.4,147.4,4,1997
371,1997-12-01,164.2,161.8,178.4,147.8,140.3,159.3,159.0,158.7,190.8,147.9,148.7,147.9,4,1997
372,1998-01-01,164.6,162.0,179.0,148.3,140.5,160.3,159.2,159.9,197.3,148.1,148.5,150.3,1,1998
373,1998-02-01,164.7,162.0,179.7,147.7,141.5,160.0,159.6,159.4,195.3,147.7,149.0,149.6,1,1998
374,1998-03-01,164.9,162.0,179.6,148.4,142.2,160.2,159.9,159.7,195.7,147.7,149.3,150.8,1,1998
375,1998-04-01,165.1,162.2,180.2,148.5,140.7,160.2,160.2,159.8,196.0,147.4,149.2,150.1,2,1998
376,1998-05-01,165.0,162.6,180.5,148.1,141.2,160.8,160.6,160.3,201.5,147.3,149.3,149.5,2,1998
377,1998-06-01,165.5,162.8,181.6,148.1,143.3,160.5,160.7,160.1,198.3,146.9,150.2,150.5,2,1998
378,1998-07-01,165.7,163.2,181.8,148.2,147.6,160.9,161.1,160.5,199.7,147.1,150.9,149.9,3,1998
379,1998-08-01,165.8,163.4,182.7,150.5,149.7,161.4,161.5,161.0,198.0,147.6,151.7,150.2,3,1998
380,1998-09-01,166.4,163.5,181.9,152.9,152.4,161.2,162.1,161.1,195.5,146.6,152.2,150.8,3,1998
381,1998-10-01,166.7,163.9,182.2,155.0,156.8,162.5,162.3,162.0,200.4,147.2,152.9,150.5,4,1998
382,1998-11-01,167.0,164.1,182.1,155.9,155.1,162.7,162.6,162.1,200.1,147.2,153.3,149.6,4,1998
383,1998-12-01,167.4,164.4,182.3,157.6,151.9,162.8,163.0,162.3,200.2,147.0,153.1,150.1,4,1998
384,1999-01-01,167.6,164.7,184.2,161.2,150.5,163.4,163.5,163.6,202.9,146.5,152.9,151.7,1,1999
385,1999-02-01,168.6,164.7,183.8,162.3,150.9,163.8,163.8,163.3,201.6,147.3,153.2,151.3,1,1999
386,1999-03-01,168.4,164.8,183.5,161.5,149.4,163.4,164.2,163.3,199.6,147.2,152.8,151.0,1,1999
387,1999-04-01,168.8,165.9,184.8,156.1,149.0,163.6,164.5,163.4,202.5,147.5,153.4,151.7,2,1999
388,1999-05-01,169.3,166.0,185.1,156.2,147.2,164.0,164.6,163.7,204.9,147.6,153.4,153.0,2,1999
389,1999-06-01,169.5,166.0,185.7,156.1,147.5,163.9,164.6,163.6,203.5,147.5,153.3,152.4,2,1999
390,1999-07-01,169.9,166.7,186.3,155.7,148.1,163.9,165.1,163.8,203.9,147.2,153.5,152.4,3,1999
391,1999-08-01,170.2,167.1,184.9,156.5,148.6,164.1,165.6,164.2,204.5,147.9,153.8,152.7,3,1999
392,1999-09-01,170.7,167.8,185.2,158.7,148.5,164.7,165.8,164.6,205.0,148.6,153.8,153.5,3,1999
393,1999-10-01,170.5,168.1,185.2,164.1,149.0,165.1,166.2,165.1,203.3,148.5,154.0,153.3,4,1999
394,1999-11-01,171.2,168.4,184.8,164.6,145.3,165.4,166.5,165.2,202.5,150.0,153.5,152.1,4,1999
395,1999-12-01,171.8,168.8,185.9,162.1,145.1,165.5,166.8,165.4,203.3,149.7,153.8,152.3,4,1999
396,2000-01-01,172.4,169.3,185.6,160.4,147.0,165.3,167.2,166.1,202.2,150.3,154.1,154.8,1,2000
397,2000-02-01,173.0,170.0,186.0,160.9,145.6,166.1,167.6,166.3,203.4,151.4,154.3,154.4,1,2000
398,2000-03-01,173.5,171.0,186.1,159.1,145.9,166.4,167.9,166.5,201.8,152.6,155.1,154.6,1,2000
399,2000-04-01,173.6,170.9,187.2,160.6,144.8,166.6,168.1,166.6,201.4,153.4,154.0,152.4,2,2000
400,2000-05-01,173.8,171.2,188.6,159.6,147.0,167.4,168.3,167.3,201.9,154.5,155.4,153.7,2,2000
401,2000-06-01,174.4,172.2,187.7,159.5,146.6,167.5,168.6,167.3,200.4,155.1,156.2,154.0,2,2000
402,2000-07-01,175.2,172.7,189.6,160.5,148.1,168.5,169.1,168.1,203.1,155.7,156.5,154.1,3,2000
403,2000-08-01,175.6,172.7,189.9,161.0,148.9,169.0,169.5,168.7,205.3,156.3,156.8,154.6,3,2000
404,2000-09-01,175.5,173.6,188.6,161.6,148.7,169.1,170.0,168.9,206.6,156.4,156.6,154.6,3,2000
405,2000-10-01,175.9,173.9,190.1,161.9,149.7,169.0,170.3,169.1,207.4,156.4,155.7,153.9,4,2000
406,2000-11-01,176.4,174.2,189.0,161.4,146.5,169.2,170.4,168.9,208.8,155.3,156.4,153.0,4,2000
407,2000-12-01,176.5,174.6,190.7,161.5,150.2,170.2,170.8,170.0,213.2,156.6,156.7,153.5,4,2000
408,2001-01-01,177.2,175.6,191.1,163.6,153.0,170.4,171.4,170.9,206.2,158.1,157.7,155.7,1,2001
409,2001-02-01,177.7,176.0,191.9,163.6,152.6,171.6,171.8,171.3,211.6,159.6,157.8,155.8,1,2001
410,2001-03-01,177.8,176.1,191.9,163.2,153.1,172.1,172.3,171.7,211.9,160.3,158.5,155.7,1,2001
411,2001-04-01,178.1,176.4,192.5,163.4,151.5,172.5,172.7,171.9,213.8,161.2,157.6,154.0,2,2001
412,2001-05-01,178.5,177.3,193.2,164.7,154.7,172.8,173.1,172.5,210.8,161.3,159.6,155.8,2,2001
413,2001-06-01,179.1,177.7,194.2,166.9,156.7,173.5,173.6,173.0,212.4,161.8,159.6,155.7,2,2001
414,2001-07-01,179.7,177.4,194.9,168.3,157.8,174.0,174.1,173.5,212.8,162.2,160.4,156.1,3,2001
415,2001-08-01,180.0,177.4,195.9,168.9,158.5,174.4,174.7,173.9,211.8,162.0,160.9,156.1,3,2001
416,2001-09-01,180.4,178.1,195.1,169.4,158.5,174.4,175.1,174.1,214.0,162.0,160.2,156.6,3,2001
417,2001-10-01,180.8,177.6,195.2,170.8,159.5,175.1,175.6,174.9,214.5,163.2,160.7,156.4,4,2001
418,2001-11-01,181.2,177.5,194.9,171.2,155.6,175.1,175.8,174.6,214.0,162.6,160.7,154.9,4,2001
419,2001-12-01,180.9,177.4,195.3,170.8,156.9,174.7,176.0,174.7,211.8,162.0,161.4,156.1,4,2001
420,2002-01-01,181.8,177.7,196.7,169.9,158.3,175.4,176.4,175.8,218.4,162.2,161.0,158.4,1,2002
421,2002-02-01,182.6,178.0,197.6,170.1,157.2,175.7,177.0,175.9,222.6,161.9,160.2,158.5,1,2002
422,2002-03-01,182.5,178.5,197.0,169.4,156.4,176.2,177.1,176.1,225.7,162.9,159.7,157.2,1,2002
423,2002-04-01,182.9,179.3,198.1,168.7,156.5,176.7,177.2,176.2,224.8,163.0,161.5,159.6,2,2002
424,2002-05-01,183.3,179.5,198.2,169.0,155.9,175.5,177.6,175.8,219.6,163.0,159.9,157.9,2,2002
425,2002-06-01,183.5,179.6,198.7,168.0,154.6,175.2,178.2,175.8,218.4,162.0,160.8,158.7,2,2002
426,2002-07-01,183.8,180.0,198.7,167.6,154.9,175.3,178.5,176.0,219.7,162.3,160.9,160.2,3,2002
427,2002-08-01,184.2,180.5,198.6,167.2,154.1,175.1,178.8,176.0,220.4,161.9,160.4,159.9,3,2002
428,2002-09-01,183.9,180.8,198.4,166.3,155.3,175.4,179.2,176.4,220.6,161.4,160.7,159.6,3,2002
429,2002-10-01,184.7,181.2,198.9,166.5,155.9,175.0,179.6,176.5,218.0,161.1,160.8,159.9,4,2002
430,2002-11-01,185.1,181.5,198.3,167.1,153.4,175.7,179.8,176.8,220.5,161.8,161.5,158.5,4,2002
431,2002-12-01,184.9,181.8,197.3,167.3,152.8,175.9,180.1,177.3,221.6,162.1,161.5,159.1,4,2002
432,2003-01-01,185.8,182.6,199.8,166.4,155.8,176.0,179.9,177.5,221.5,161.7,161.7,160.7,1,2003
433,2003-02-01,185.8,183.6,201.8,167.2,158.7,177.2,180.7,178.3,220.8,164.8,162.4,161.8,1,2003
434,2003-03-01,186.3,183.9,202.1,167.1,157.5,177.5,181.0,178.6,222.7,164.8,162.2,162.5,1,2003
435,2003-04-01,186.3,183.2,201.9,165.8,156.1,177.6,181.1,178.4,221.7,165.7,162.3,161.4,2,2003
436,2003-05-01,186.6,182.9,203.0,165.4,157.6,177.9,181.5,178.8,224.7,165.4,162.1,162.3,2,2003
437,2003-06-01,186.9,183.1,203.7,163.9,156.5,179.2,181.9,179.6,229.5,167.4,162.8,162.8,2,2003
438,2003-07-01,187.2,183.7,204.5,164.7,156.3,179.0,182.3,179.7,230.0,168.2,162.2,162.7,3,2003
439,2003-08-01,187.2,184.5,204.5,167.5,157.7,180.0,182.6,180.4,230.0,169.5,162.6,162.5,3,2003
440,2003-09-01,187.8,185.1,203.5,170.3,157.6,180.5,182.8,180.7,227.8,170.7,163.1,162.3,3,2003
441,2003-10-01,188.2,184.9,203.1,171.8,159.7,181.4,183.3,181.7,226.8,173.9,163.0,162.5,4,2003
442,2003-11-01,188.7,185.0,202.5,171.2,157.3,182.7,183.8,182.4,227.9,178.9,162.9,161.7,4,2003
443,2003-12-01,189.3,185.5,202.9,173.0,157.7,183.9,184.3,183.6,227.5,180.7,163.8,161.0,4,2003
444,2004-01-01,189.6,186.3,203.9,172.4,160.7,183.3,184.9,183.8,225.9,180.0,162.8,163.0,1,2004
445,2004-02-01,189.7,186.7,204.4,172.1,162.3,183.7,185.5,184.1,227.0,179.9,163.8,163.9,1,2004
446,2004-03-01,190.4,187.1,204.8,171.9,166.2,184.1,185.8,184.4,229.9,179.4,164.8,163.3,1,2004
447,2004-04-01,191.5,187.4,205.5,174.0,166.2,184.3,186.2,184.5,229.1,179.9,164.8,162.6,2,2004
448,2004-05-01,191.5,188.2,206.1,185.9,169.4,186.6,186.7,186.1,230.0,182.0,165.4,163.5,2,2004
449,2004-06-01,192.1,188.9,206.8,188.8,171.3,187.0,187.0,186.3,229.0,182.5,165.3,162.8,2,2004
450,2004-07-01,192.2,189.1,207.2,187.7,171.9,187.2,187.8,186.8,228.1,183.6,165.5,163.8,3,2004
451,2004-08-01,192.7,189.2,207.2,184.9,169.7,187.0,188.4,186.8,229.4,183.3,165.6,164.4,3,2004
452,2004-09-01,193.4,189.8,206.4,181.6,170.4,186.4,188.9,186.7,229.2,182.6,165.2,163.5,3,2004
453,2004-10-01,193.7,190.8,207.0,182.1,170.2,187.7,189.4,187.9,239.8,182.5,165.4,162.6,4,2004
454,2004-11-01,194.3,191.7,206.8,180.9,167.8,188.6,189.6,188.2,248.3,182.1,165.5,163.1,4,2004
455,2004-12-01,194.7,191.7,206.4,180.1,167.4,188.4,189.9,188.5,245.9,182.9,164.6,161.3,4,2004
456,2005-01-01,194.6,191.6,207.6,183.3,170.4,188.1,190.8,189.1,236.5,183.6,165.6,163.0,1,2005
457,2005-02-01,195.0,192.4,208.4,181.8,169.3,187.7,191.4,188.8,232.6,184.3,165.3,164.2,1,2005
458,2005-03-01,195.2,193.1,208.5,181.4,167.0,188.1,191.7,189.1,234.2,184.4,165.4,162.6,1,2005
459,2005-04-01,195.5,193.7,209.1,182.2,169.4,190.0,192.1,190.2,241.8,185.2,167.2,164.9,2,2005
460,2005-05-01,195.3,193.6,209.7,183.3,167.8,190.2,192.6,190.6,243.5,185.7,166.1,163.3,2,2005
461,2005-06-01,195.6,193.7,209.4,181.0,164.5,189.6,193.2,190.4,241.3,185.5,166.2,165.7,2,2005
462,2005-07-01,195.8,194.9,209.4,181.6,167.3,190.0,193.6,190.8,244.3,184.6,167.0,167.1,3,2005
463,2005-08-01,196.1,196.1,210.1,182.9,167.6,189.8,194.2,190.9,242.1,184.0,167.1,164.7,3,2005
464,2005-09-01,196.7,198.8,208.3,181.8,169.4,190.2,194.6,191.4,243.8,184.3,167.9,165.8,3,2005
465,2005-10-01,196.9,199.1,209.4,182.6,168.6,190.6,195.2,192.1,244.4,184.2,168.2,166.3,4,2005
466,2005-11-01,197.5,198.1,209.1,183.5,166.2,191.4,195.6,192.4,245.3,185.5,168.4,166.5,4,2005
467,2005-12-01,197.1,198.1,208.4,183.2,165.2,191.7,196.0,192.9,247.1,185.6,169.1,167.8,4,2005
468,2006-01-01,198.3,199.3,210.6,183.7,169.9,192.5,196.6,194.1,251.2,185.9,169.2,169.3,1,2006
469,2006-02-01,199.2,199.4,210.3,183.4,170.4,192.2,197.2,194.0,250.8,185.7,169.0,167.3,1,2006
470,2006-03-01,199.5,199.7,210.9,183.0,168.5,192.3,197.6,194.0,249.5,186.0,169.0,170.1,1,2006
471,2006-04-01,199.7,200.7,210.9,181.3,165.0,191.8,198.0,193.7,248.5,186.1,168.5,171.0,2,2006
472,2006-05-01,200.6,201.3,211.9,181.0,168.6,191.8,198.7,194.2,246.8,185.5,169.7,171.3,2,2006
473,2006-06-01,201.3,201.8,212.8,179.6,167.3,192.4,199.2,194.5,251.0,186.2,169.5,171.9,2,2006
474,2006-07-01,201.3,202.9,214.6,180.8,166.9,192.8,199.7,195.0,253.1,185.0,170.5,173.3,3,2006
475,2006-08-01,201.4,203.8,214.6,180.0,167.5,193.4,200.2,195.5,255.0,186.8,170.0,173.5,3,2006
476,2006-09-01,201.5,202.8,213.6,179.9,167.9,194.3,200.5,196.2,261.3,187.1,169.8,172.1,3,2006
477,2006-10-01,202.0,201.9,214.6,182.0,169.1,194.8,201.1,197.1,260.4,187.7,169.9,172.5,4,2006
478,2006-11-01,202.0,202.0,214.5,180.6,168.1,194.6,201.6,196.8,255.7,188.2,170.2,172.7,4,2006
479,2006-12-01,201.7,203.1,214.8,181.0,166.7,194.4,202.2,197.0,252.9,188.5,170.0,172.4,4,2006
480,2007-01-01,203.225,203.437,216.27599999999998,183.453,170.15200000000002,195.918,203.171,198.812,256.99,189.59599999999998,171.033,175.15099999999998,1,2007
481,2007-02-01,203.94799999999998,204.226,219.041,183.77900000000002,171.667,197.735,203.90900000000002,200.0,265.517,190.87400000000002,171.24400000000003,174.3,1,2007
482,2007-03-01,205.07299999999998,205.28799999999998,218.458,185.72400000000002,170.851,198.81599999999997,204.082,200.403,264.64099999999996,192.90599999999998,171.713,174.63299999999998,1,2007
483,2007-04-01,205.84599999999998,205.90400000000002,220.49400000000003,185.821,169.817,199.25,204.725,200.82,263.172,194.109,172.495,175.93200000000002,2,2007
484,2007-05-01,206.389,206.755,220.93900000000002,187.266,171.495,200.237,205.233,201.791,263.063,196.662,172.424,175.453,2,2007
485,2007-06-01,207.17,207.234,222.605,191.435,171.581,201.15099999999998,205.93400000000003,202.44099999999997,260.913,197.247,173.41400000000002,176.665,2,2007
486,2007-07-01,207.673,207.60299999999998,223.297,197.899,173.69099999999997,201.59599999999998,206.93099999999998,203.12099999999998,258.38,196.65,173.917,178.235,3,2007
487,2007-08-01,208.477,207.667,223.981,201.739,174.25099999999998,202.338,207.75599999999997,203.885,258.128,196.77599999999998,174.003,178.25599999999997,3,2007
488,2007-09-01,208.555,208.547,223.372,203.541,174.105,203.3,208.805,204.94099999999997,261.54,197.35,174.24900000000002,178.172,3,2007
489,2007-10-01,209.109,209.19,224.69099999999997,205.31900000000002,176.05,204.081,209.275,205.796,263.03700000000003,198.00900000000001,174.47400000000002,177.236,4,2007
490,2007-11-01,209.377,210.834,225.668,205.959,175.327,205.11900000000003,209.854,206.27700000000002,267.675,198.519,174.94299999999998,178.6,4,2007
491,2007-12-01,209.356,211.445,226.46099999999998,205.299,176.06799999999998,205.503,210.233,206.704,269.137,198.79,175.372,178.63099999999997,4,2007
492,2008-01-01,210.58700000000002,212.174,228.66099999999997,206.905,181.813,207.1,211.07,208.618,272.066,199.793,176.338,180.19299999999998,1,2008
493,2008-02-01,211.576,212.687,233.389,208.166,184.878,207.854,211.878,209.166,269.553,199.835,177.62900000000002,180.588,1,2008
494,2008-03-01,211.861,213.44799999999998,236.261,206.171,182.808,208.093,212.537,209.385,268.353,200.05900000000003,178.12,182.21400000000003,1,2008
495,2008-04-01,213.227,213.942,240.03400000000002,207.68,190.64,210.89700000000002,213.083,211.102,273.198,201.079,181.582,184.878,2,2008
496,2008-05-01,213.329,215.208,244.192,207.778,193.364,211.8,213.967,212.054,275.225,201.873,182.405,185.097,2,2008
497,2008-06-01,213.725,217.463,245.75799999999998,209.11700000000002,196.15,213.331,215.015,213.243,279.96,203.148,183.43,185.558,2,2008
498,2008-07-01,214.36,219.016,250.321,213.981,201.205,216.028,216.37599999999998,215.299,284.05400000000003,205.255,185.167,187.067,3,2008
499,2008-08-01,215.266,218.69,250.08,214.748,203.05900000000003,217.449,217.063,216.422,288.372,207.268,186.205,187.813,3,2008
500,2008-09-01,216.21,218.877,250.924,213.533,206.274,218.757,218.225,217.696,288.52,208.97400000000002,187.979,189.929,3,2008
501,2008-10-01,216.88400000000001,216.995,252.832,212.733,208.3,219.532,219.29,218.738,286.004,210.157,189.18400000000003,190.515,4,2008
502,2008-11-01,217.886,213.153,252.72299999999998,213.102,205.80599999999998,219.662,220.043,218.74900000000002,284.017,209.435,190.428,191.75599999999997,4,2008
503,2008-12-01,218.851,211.398,253.063,210.838,206.71,219.16299999999998,220.68400000000003,218.805,278.991,208.99,191.611,193.312,4,2008
504,2009-01-01,219.167,211.933,254.445,209.632,206.886,218.953,221.31900000000002,219.675,276.483,208.481,192.84400000000002,197.429,1,2009
505,2009-02-01,219.167,212.705,254.187,204.537,205.359,217.93,221.968,219.205,275.922,208.426,192.143,196.676,1,2009
506,2009-03-01,219.602,212.495,253.69799999999998,199.687,204.77599999999998,216.949,222.21599999999998,218.6,274.20599999999996,206.69400000000002,192.05200000000002,197.137,1,2009
507,2009-04-01,219.612,212.709,252.709,197.12400000000002,200.46400000000003,215.80700000000002,222.905,218.162,274.545,205.885,191.15599999999998,197.301,2,2009
508,2009-05-01,219.86599999999999,213.02200000000002,252.71400000000003,196.055,200.679,215.06400000000002,223.023,217.826,272.981,204.543,190.843,196.403,2,2009
509,2009-06-01,220.40900000000002,214.79,253.00799999999998,194.197,201.127,214.953,223.16299999999998,217.74,273.964,204.093,191.035,197.00900000000001,2,2009
510,2009-07-01,220.805,214.726,253.391,193.118,201.03099999999998,214.047,223.345,217.257,274.233,201.794,190.433,195.12599999999998,3,2009
511,2009-08-01,221.12099999999998,215.445,252.382,192.38099999999997,200.578,213.769,223.675,217.35,271.077,202.63,190.472,195.43,3,2009
512,2009-09-01,221.606,215.861,251.231,193.35299999999998,200.00900000000001,213.299,224.003,217.218,269.688,200.89700000000002,190.601,196.998,3,2009
513,2009-10-01,222.13299999999998,216.50900000000001,251.421,195.36,199.916,213.472,224.22400000000002,217.52599999999998,270.078,199.953,191.167,196.747,4,2009
514,2009-11-01,222.872,217.234,250.6,193.91400000000002,196.47299999999998,213.38299999999998,224.63299999999998,217.265,270.70599999999996,201.072,190.73,198.227,4,2009
515,2009-12-01,222.683,217.347,251.019,194.792,197.391,213.83900000000003,224.78900000000002,217.637,271.568,201.158,191.174,198.71200000000002,4,2009
516,2010-01-01,222.275,217.488,250.725,198.949,200.22,214.738,224.916,218.87400000000002,274.55400000000003,201.69299999999998,191.31,199.77700000000002,1,2010
517,2010-02-01,222.04,217.28099999999998,251.361,198.8,200.919,214.72799999999998,225.081,218.778,272.594,202.854,191.293,201.942,1,2010
518,2010-03-01,222.25799999999998,217.35299999999998,250.93,198.81400000000002,198.567,215.55,224.99099999999999,219.032,280.105,203.28400000000002,190.774,199.917,1,2010
519,2010-04-01,222.351,217.403,250.425,197.308,197.74900000000002,215.72099999999998,225.27599999999998,219.218,279.306,205.426,190.83900000000003,200.775,2,2010
520,2010-05-01,222.44400000000002,217.29,251.269,197.74900000000002,199.51,215.717,225.57299999999998,219.37400000000002,276.494,206.387,191.137,202.123,2,2010
521,2010-06-01,222.727,217.199,250.26,197.947,199.375,215.476,225.797,219.218,272.786,208.263,190.713,199.737,2,2010
522,2010-07-01,223.62099999999998,217.605,250.172,198.99099999999999,200.50599999999997,215.451,225.71,219.12099999999998,268.64799999999997,208.938,191.09599999999998,201.18,3,2010
523,2010-08-01,223.722,217.923,249.736,198.71200000000002,201.764,215.361,226.422,219.49099999999999,269.223,208.395,191.172,200.335,3,2010
524,2010-09-01,224.169,218.275,250.085,199.042,201.97099999999998,216.166,227.075,220.21599999999998,270.445,210.342,191.33599999999998,202.46900000000002,3,2010
525,2010-10-01,224.628,219.035,249.89,201.291,203.614,216.53400000000002,227.287,220.61599999999999,270.54200000000003,211.389,191.368,202.96200000000002,4,2010
526,2010-11-01,224.75099999999998,219.59,249.94400000000002,201.27700000000002,202.375,217.105,227.512,220.61700000000002,270.916,212.803,191.2,200.58599999999998,4,2010
527,2010-12-01,224.612,220.472,250.592,202.05599999999998,200.476,217.419,227.722,220.946,275.875,212.305,191.28400000000002,203.09799999999998,4,2010
528,2011-01-01,224.78900000000002,221.187,253.34900000000002,202.34900000000002,207.813,219.25099999999998,228.18099999999998,222.912,280.232,215.238,191.785,202.648,1,2011
529,2011-02-01,225.31,221.898,254.238,203.51,210.50799999999998,220.732,228.606,223.799,283.983,217.11700000000002,192.769,204.168,1,2011
530,2011-03-01,225.498,223.046,255.482,206.16099999999997,214.352,223.19299999999998,229.282,225.35,289.457,219.267,194.572,205.505,1,2011
531,2011-04-01,226.114,224.093,255.956,209.707,213.81799999999998,224.09799999999998,230.082,226.15,286.337,220.584,195.078,203.783,2,2011
532,2011-05-01,226.937,224.80599999999998,259.14,211.327,216.37,225.295,230.50099999999998,226.976,283.191,223.416,195.826,205.285,2,2011
533,2011-06-01,227.265,224.80599999999998,260.563,212.28599999999997,218.771,225.857,231.097,227.36,281.644,222.80200000000002,197.03099999999998,207.672,2,2011
534,2011-07-01,226.835,225.395,260.921,214.78099999999998,221.325,227.178,231.58,228.31599999999997,284.777,223.857,197.696,207.321,3,2011
535,2011-08-01,227.31,226.106,262.97,216.72,223.50900000000001,228.49200000000002,232.513,229.554,285.681,225.1,199.207,209.78,3,2011
536,2011-09-01,227.425,226.597,264.135,219.38099999999997,224.77,229.92700000000002,233.032,230.57299999999998,288.628,226.43099999999998,200.42,213.33,3,2011
537,2011-10-01,227.61900000000003,226.75,265.433,219.493,226.21599999999998,229.99200000000002,233.459,231.017,284.568,227.017,201.378,213.602,4,2011
538,2011-11-01,227.558,227.169,265.552,218.767,224.907,229.947,234.046,230.79,284.11,227.55599999999998,200.957,210.03900000000002,4,2011
539,2011-12-01,227.666,227.22299999999998,265.997,218.458,227.601,230.424,234.435,231.301,282.98,229.455,201.585,210.84599999999998,4,2011
540,2012-01-01,229.638,227.842,266.677,220.49200000000002,234.252,230.94799999999998,235.268,232.666,280.303,230.765,203.278,213.7,1,2012
541,2012-02-01,230.285,228.329,267.82099999999997,219.377,233.196,230.612,235.60299999999998,232.486,277.808,229.648,203.793,213.90200000000002,1,2012
542,2012-03-01,229.918,228.80700000000002,267.101,219.13099999999997,233.41099999999997,231.051,236.07299999999998,232.792,277.961,230.90599999999998,204.37599999999998,215.044,1,2012
543,2012-04-01,230.033,229.187,268.014,216.918,231.745,231.39700000000002,236.695,233.234,281.16,230.834,204.53099999999998,215.77599999999998,2,2012
544,2012-05-01,230.49400000000003,228.713,268.653,216.09599999999998,233.294,231.32,237.262,233.33900000000003,281.86,229.333,205.042,214.71400000000003,2,2012
545,2012-06-01,231.472,228.524,267.32099999999997,215.485,232.09599999999998,231.713,237.83900000000003,233.563,284.67400000000004,230.092,204.91,215.549,2,2012
546,2012-07-01,231.108,228.59,268.449,214.43400000000003,232.067,231.658,238.33700000000002,233.63,283.215,231.019,204.859,216.50799999999998,3,2012
547,2012-08-01,230.80599999999998,229.918,267.79400000000004,214.549,231.46200000000002,231.85299999999998,239.05700000000002,234.15599999999998,283.91700000000003,231.727,205.03900000000002,214.96200000000002,3,2012
548,2012-09-01,231.262,231.015,266.655,215.31099999999998,233.22299999999998,231.78900000000002,239.565,234.298,283.624,230.703,205.34799999999998,215.41,3,2012
549,2012-10-01,231.206,231.638,267.828,217.083,233.074,232.398,239.74200000000002,234.878,284.328,232.231,205.613,214.94099999999997,4,2012
550,2012-11-01,231.549,231.24900000000002,267.817,218.921,231.588,232.88299999999998,240.03799999999998,234.896,286.073,232.145,205.56400000000002,212.27200000000002,4,2012
551,2012-12-01,231.92700000000002,231.22099999999998,268.057,219.44299999999998,231.54,233.37400000000002,240.359,235.39,288.03700000000003,232.919,205.672,213.265,4,2012
552,2013-01-01,232.33700000000002,231.679,269.078,220.31900000000002,234.392,233.696,240.713,236.34099999999998,289.361,233.59599999999998,206.013,214.726,1,2013
553,2013-02-01,233.3,232.937,269.30400000000003,219.52599999999998,232.03599999999997,233.52599999999998,240.93,236.301,290.774,234.033,204.59599999999998,212.03900000000002,1,2013
554,2013-03-01,233.62099999999998,232.282,269.504,218.123,230.109,233.58,241.40900000000002,236.332,290.935,233.66099999999997,205.146,212.165,1,2013
555,2013-04-01,234.09,231.797,271.388,218.141,229.981,233.77599999999998,242.236,236.84099999999998,287.813,234.114,205.611,211.97799999999998,2,2013
556,2013-05-01,234.09799999999998,231.893,271.041,216.327,230.074,233.18400000000003,242.642,236.52599999999998,288.08099999999996,233.907,204.956,211.19299999999998,2,2013
557,2013-06-01,234.61900000000003,232.445,271.716,216.062,228.602,233.80900000000003,243.016,236.792,288.22,235.03,205.351,212.204,2,2013
558,2013-07-01,235.08,232.9,271.279,215.92,228.407,233.893,243.40900000000002,237.00099999999998,290.763,235.546,205.15099999999998,211.359,3,2013
559,2013-08-01,235.457,233.456,271.285,216.791,229.017,234.07299999999998,243.81099999999998,237.40599999999998,293.453,236.58700000000002,203.623,209.093,3,2013
560,2013-09-01,235.355,233.544,270.894,217.007,228.267,234.04,244.03599999999997,237.52200000000002,291.392,237.245,203.99,209.606,3,2013
561,2013-10-01,235.546,233.669,270.303,216.59599999999998,228.78,234.21900000000002,244.35,237.87099999999998,291.084,239.114,204.108,210.389,4,2013
562,2013-11-01,235.828,234.1,269.75,217.463,226.04,234.144,244.97,237.641,290.139,238.74599999999998,204.40099999999998,209.363,4,2013
563,2013-12-01,236.113,234.71900000000002,269.267,218.37599999999998,226.09099999999998,234.31799999999998,245.3,237.86900000000003,287.892,239.84599999999998,204.68,207.795,4,2013
564,2014-01-01,236.08,235.347,271.151,219.362,228.46400000000003,234.731,245.481,238.872,287.79200000000003,241.269,205.21099999999998,209.895,1,2014
565,2014-02-01,235.703,235.52200000000002,270.58299999999997,220.861,228.377,235.62900000000002,246.187,239.608,289.822,243.377,205.43400000000003,209.74099999999999,1,2014
566,2014-03-01,236.076,235.956,270.66,223.063,229.0,236.90200000000002,246.878,240.398,293.10400000000004,245.78099999999998,205.298,211.146,1,2014
567,2014-04-01,236.30599999999998,236.463,271.005,224.171,227.03099999999998,237.87400000000002,247.53400000000002,241.33700000000002,295.17900000000003,249.15900000000002,204.507,208.982,2,2014
568,2014-05-01,236.59400000000002,236.86700000000002,271.362,225.49099999999999,228.333,239.50799999999998,247.952,242.34400000000002,297.476,252.308,205.38,207.95,2,2014
569,2014-06-01,236.834,237.188,270.86,224.52200000000002,228.548,239.627,248.445,242.326,297.163,252.799,205.55700000000002,208.688,2,2014
570,2014-07-01,236.605,237.485,271.993,225.14,230.577,240.157,249.21,243.03400000000002,296.551,253.393,206.622,207.52200000000002,3,2014
571,2014-08-01,238.16099999999997,237.43900000000002,272.108,226.39,231.53,240.80200000000002,249.801,243.81099999999998,293.639,257.315,206.84599999999998,208.111,3,2014
572,2014-09-01,238.22,237.452,270.66,227.604,232.775,241.428,250.57,244.63,293.759,259.345,207.26,211.46200000000002,3,2014
573,2014-10-01,238.15599999999998,237.447,271.313,228.831,233.66099999999997,241.722,251.1,245.166,296.02299999999997,259.009,206.86700000000002,209.363,4,2014
574,2014-11-01,239.77900000000002,237.042,270.344,228.412,229.25099999999998,241.98,251.987,245.192,294.356,260.437,207.128,208.922,4,2014
575,2014-12-01,239.11,236.27,270.635,229.87,228.352,242.955,252.628,245.976,297.392,261.737,207.71599999999998,210.019,4,2014
576,2015-01-01,238.393,234.83599999999998,273.589,227.8,230.22799999999998,242.57299999999998,253.037,246.53799999999998,294.595,262.341,207.891,214.024,1,2015
577,2015-02-01,238.65400000000002,235.274,273.052,225.535,229.317,242.507,253.71900000000002,246.68,293.25,261.92,208.917,216.65,1,2015
578,2015-03-01,238.96099999999998,235.956,273.812,224.449,226.324,241.575,254.108,246.045,290.178,260.607,208.412,216.21599999999998,1,2015
579,2015-04-01,238.981,236.165,273.366,222.69099999999997,225.898,241.077,254.727,246.12099999999998,290.966,258.89,207.998,214.157,2,2015
580,2015-05-01,239.551,236.952,273.595,221.03900000000002,226.09400000000002,241.058,255.322,246.187,291.978,257.653,208.763,216.41299999999998,2,2015
581,2015-06-01,239.267,237.618,274.47900000000004,219.696,225.93,242.014,255.84599999999998,246.68,291.035,261.27,209.33900000000003,215.925,2,2015
582,2015-07-01,239.46,237.993,275.526,221.44299999999998,225.298,242.269,255.905,247.003,290.656,261.20099999999996,209.44299999999998,216.926,3,2015
583,2015-08-01,239.74900000000002,237.989,274.968,220.71599999999998,227.183,242.831,256.449,247.671,293.705,262.54400000000004,209.581,217.19400000000002,3,2015
584,2015-09-01,239.688,237.467,273.53,222.31,228.236,243.213,257.83,248.632,295.788,261.593,210.58900000000003,218.19299999999998,3,2015
585,2015-10-01,240.658,237.764,275.753,221.87400000000002,230.541,243.304,258.363,249.05200000000002,296.022,260.755,211.043,216.697,4,2015
586,2015-11-01,240.604,238.072,273.752,220.613,225.426,242.60299999999998,258.805,248.30599999999998,298.133,259.07099999999997,210.21200000000002,215.56900000000002,4,2015
587,2015-12-01,240.34599999999998,237.827,273.245,220.84799999999998,227.037,241.85,259.097,247.903,299.165,255.739,209.775,215.451,4,2015
588,2016-01-01,241.171,237.99,274.58,220.86900000000003,228.46900000000002,241.442,259.95799999999997,248.63099999999997,302.64799999999997,253.011,209.544,215.261,1,2016
589,2016-02-01,241.817,237.532,274.801,219.732,228.55700000000002,241.639,260.319,248.8,304.348,252.19400000000002,209.45,215.325,1,2016
590,2016-03-01,241.72400000000002,238.02200000000002,273.16200000000003,218.13099999999997,226.859,240.34099999999998,260.883,247.97799999999998,298.618,251.417,209.655,215.343,1,2016
591,2016-04-01,242.128,238.843,273.92400000000004,218.315,227.39700000000002,240.40900000000002,261.517,248.41299999999998,296.914,250.887,210.29,216.68099999999998,2,2016
592,2016-05-01,242.217,239.43900000000002,273.074,216.122,226.02200000000002,239.415,262.074,247.86,295.056,249.644,209.725,215.59599999999998,2,2016
593,2016-06-01,242.542,240.074,273.379,214.815,225.31900000000002,238.99099999999999,262.529,247.482,295.095,248.08900000000003,209.918,215.52700000000002,2,2016
594,2016-07-01,242.535,240.058,273.418,214.605,226.24200000000002,238.49200000000002,263.051,247.554,294.994,246.332,209.68599999999998,215.47,3,2016
595,2016-08-01,242.53900000000002,240.56900000000002,273.10400000000004,215.50599999999997,226.142,238.19799999999998,263.649,247.71900000000002,294.448,245.47099999999998,209.554,215.865,3,2016
596,2016-09-01,243.03,241.017,272.089,216.69299999999998,226.96099999999998,237.86700000000002,264.10200000000003,247.917,293.552,245.03,209.31099999999998,216.173,3,2016
597,2016-10-01,243.57299999999998,241.667,272.502,218.183,226.483,237.61,264.459,248.07299999999998,293.433,243.94799999999998,209.36599999999999,214.893,4,2016
598,2016-11-01,243.38400000000001,242.081,271.89599999999996,216.773,219.908,237.287,264.699,247.435,293.47,243.607,208.572,213.86700000000002,4,2016
599,2016-12-01,243.641,242.78400000000002,271.374,217.929,223.00400000000002,237.02,265.10400000000004,247.313,292.139,242.283,209.196,213.94299999999998,4,2016
600,2017-01-01,244.113,244.028,272.922,219.804,224.516,236.893,266.079,248.24200000000002,288.08,243.84799999999998,209.56900000000002,214.976,1,2017
601,2017-02-01,243.97400000000002,244.102,271.70799999999997,220.55200000000002,226.13400000000001,237.574,266.626,248.791,290.15,244.06900000000002,209.05599999999998,213.745,1,2017
602,2017-03-01,244.465,243.717,272.17400000000004,218.567,227.109,238.27900000000002,267.055,249.165,293.524,244.87900000000002,209.865,214.636,1,2017
603,2017-04-01,245.21400000000003,244.08700000000002,271.865,217.827,226.858,238.549,267.652,249.739,298.677,243.373,209.90200000000002,214.014,2,2017
604,2017-05-01,244.601,243.91099999999997,272.445,217.015,228.485,239.002,268.128,250.016,297.697,244.395,210.012,214.418,2,2017
605,2017-06-01,245.019,244.032,272.42900000000003,215.192,227.858,238.859,268.225,249.653,297.194,245.796,209.632,215.648,2,2017
606,2017-07-01,245.28799999999998,244.236,271.95,216.43400000000003,230.60299999999998,239.239,268.649,250.21400000000003,298.051,247.144,209.865,216.592,3,2017
607,2017-08-01,245.662,245.262,272.54400000000004,216.537,228.97299999999998,238.96,269.522,250.493,297.281,246.875,209.748,216.24,3,2017
608,2017-09-01,246.298,246.392,271.75,216.56400000000002,229.868,238.85,270.353,250.993,297.092,245.93400000000003,210.03900000000002,215.8,3,2017
609,2017-10-01,246.447,246.583,270.858,217.17,229.835,238.976,270.658,251.364,297.447,247.554,209.872,214.78,4,2017
610,2017-11-01,246.926,247.41099999999997,269.64599999999996,216.878,225.967,238.769,271.152,250.87099999999998,296.657,247.013,210.507,214.99400000000003,4,2017
611,2017-12-01,247.035,247.91,269.847,216.916,226.37099999999998,239.143,271.811,251.238,296.591,249.095,210.328,214.975,4,2017
612,2018-01-01,246.952,249.245,272.27299999999997,217.89700000000002,228.205,239.325,272.772,252.361,298.007,248.595,210.372,217.68900000000002,1,2018
